id,score,quality,advantage,disadvantage,suggestion,remark,created_at,updated_at,user_id,task_id
53,2,2,,ปรับปรุงลายมือ,,,2018-06-07 21:40:32.786351,2018-06-07 21:41:23.853466,33,16
19,3,,,,,,2018-05-25 04:56:14.666868,2018-05-25 04:56:14.666868,12,8
20,25,,,,,,2018-05-25 04:56:16.776968,2018-05-25 04:56:16.776968,12,9
21,12,,,,,,2018-05-25 04:56:51.501459,2018-05-25 04:56:51.501459,12,10
2,35,,,,,,2018-05-20 14:17:40.101193,2018-05-20 14:24:54.611731,4,2
5,5,,,,,,2018-05-21 16:33:09.279767,2018-05-21 16:33:09.279767,2,5
1,10,4,องค์ประกอบครบถ้วน,algorithm ผิด,อ่านหนังสือ ,คนนี้น่ารักมาก ทำงานดีมากจ้า ,2018-05-20 13:59:20.836438,2018-05-21 18:46:42.943436,4,1
22,ไม่ส่ง,,,,,,2018-05-25 04:57:02.545143,2018-05-25 04:57:02.545143,12,11
23,65,,,,,,2018-05-25 04:57:06.359499,2018-05-25 04:57:06.359499,12,12
43,2,,,,,,2018-05-25 05:04:01.267107,2018-06-11 09:02:26.491984,16,8
27,16,,,,,,2018-05-25 04:58:52.245945,2018-05-25 04:58:52.245945,13,10
3,70,,,,,,2018-05-20 14:20:09.112955,2018-05-21 18:57:08.418077,4,3
31,4,,,,,,2018-05-25 05:01:28.447333,2018-05-25 05:01:28.447333,14,8
32,40,,,,,,2018-05-25 05:01:31.342163,2018-05-25 05:01:31.342163,14,9
33,15,,,,,,2018-05-25 05:01:37.226899,2018-05-25 05:01:37.226899,14,10
34,75,,,,,,2018-05-25 05:01:49.822758,2018-05-25 05:01:54.151423,13,12
35,75,,,,,,2018-05-25 05:03:24.134571,2018-05-25 05:03:24.134571,14,12
37,3,,,,,,2018-05-25 05:03:38.045352,2018-05-25 05:03:38.045352,15,8
38,35,,,,,,2018-05-25 05:03:40.302085,2018-05-25 05:03:40.302085,15,9
8,48,,,,,,2018-05-21 19:14:49.97653,2018-05-21 19:14:53.174003,5,2
9,69,,,,,,2018-05-21 19:14:56.239634,2018-05-21 19:14:56.239634,5,3
39,14,,,,,,2018-05-25 05:03:42.88654,2018-05-25 05:03:42.88654,15,10
10,2,,,,,,2018-05-21 19:14:58.570161,2018-05-21 19:15:05.190555,5,4
40,ส่ง,,,,,,2018-05-25 05:03:46.413789,2018-05-25 05:03:46.413789,15,11
41,70,,,,,,2018-05-25 05:03:52.233307,2018-05-25 05:03:52.233307,15,12
44,30,,,,,,2018-05-25 05:04:03.937919,2018-05-25 05:04:03.937919,16,9
4,4,,,,,,2018-05-20 14:22:23.364356,2018-05-22 08:14:41.92261,4,4
45,12,,,,,,2018-05-25 05:04:07.5348,2018-05-25 05:04:07.5348,16,10
7,5,,,,,,2018-05-21 19:14:45.981307,2018-05-22 12:56:23.446898,5,1
6,10,4,เขียนสวย,สั้นไป,ศึกษาจากใบความรู้,,2018-05-21 18:55:57.888562,2018-05-22 12:58:08.431035,4,6
11,8,,,,,ดีมากลูก,2018-05-21 19:15:01.295211,2018-05-22 13:02:18.641229,5,6
47,69,,,,,,2018-05-25 05:04:19.25054,2018-05-25 05:04:19.25054,16,12
29,ไม่ส่ง,,,,,,2018-05-25 04:59:39.329792,2018-05-27 13:11:54.557486,14,11
30,8,3,มีความใส่ใจดี,การใช้คำไม่สอดคล้องกับบริบท,พัฒนาการใช้ภาษาของชาวต่างชาติได้จาก Link ของครู,,2018-05-25 05:01:26.334327,2018-05-25 05:08:40.514374,14,7
36,6,1,,ความถูกต้องของ Grammar ที่ใช้,ศึกษาผ่านเอกสารของครู,,2018-05-25 05:03:35.739508,2018-05-25 05:09:01.51758,15,7
18,6,2,,ความถูกต้องของ Grammar ที่ใช้,พัฒนาการใช้ภาษาของชาวต่างชาติได้จาก Link ของครู,,2018-05-25 04:56:13.221479,2018-05-25 05:07:45.452653,12,7
24,9,4,เป็นภาษาที่ใช้จริง,ควรแต่งประโยตให้ซับซ้อนขึ้น ,ศึกษาจาก Youtube ,,2018-05-25 04:58:39.360149,2018-07-04 03:39:06.448993,13,7
51,2,4,,,,,2018-06-07 21:37:44.075683,2018-06-07 21:37:49.404377,54,16
17,70,,,,,,2018-05-25 04:55:57.362406,2018-05-27 14:35:46.252308,11,12
16,18,,,,,,2018-05-25 04:55:47.985066,2018-05-27 15:39:16.432553,11,10
13,10,4,ถูกหลัก Grammar,ควรแต่งประโยตให้ซับซ้อนขึ้น ,ศึกษาผ่านเอกสารของครู,ยอดเยี่ยมมากๆเลย รักษาคุณภาพอย่างนี้ต่อไปนะ,2018-05-25 04:55:35.222918,2018-06-30 16:45:58.057092,11,7
12,ไม่ส่ง,,,,,,2018-05-25 04:52:45.85445,2018-05-28 03:19:10.370767,11,11
25,3,,,,,,2018-05-25 04:58:41.579397,2018-05-25 05:12:30.461442,13,8
54,2,3,,คำนวณหาคำตอบให้คำนึงถึงเลขนัยสำคัญ,,,2018-06-07 21:43:55.199907,2018-06-07 21:44:13.210981,31,16
52,2,4,แสดงวิธีทำอย่างเป็นขั้นตอน พร้อมระบุหน่วยเสมอ,,,,2018-06-07 21:39:24.78897,2018-06-07 21:39:52.836916,49,16
15,42,,,,,,2018-05-25 04:55:45.151255,2018-05-25 07:55:11.735396,11,9
14,4,,,,,,2018-05-25 04:55:41.561666,2018-05-25 07:55:14.741727,11,8
48,2,2,,คำนวณหาคำตอบให้คำนึงถึงเลขนัยสำคัญ,,,2018-06-07 21:31:52.596598,2018-06-07 21:32:50.934612,38,16
49,2,3,,ให้ระบุหน่วยของปริมาณที่คำนวณกำกับเสมอ,,,2018-06-07 21:33:51.14165,2018-06-07 21:34:16.41074,35,16
56,2,3,,ให้ระบุหน่วยของปริมาณที่คำนวณกำกับเสมอ,,,2018-06-07 21:46:26.336019,2018-06-07 21:46:47.793106,28,16
55,2,3,,คำนวณหาคำตอบให้คำนึงถึงเลขนัยสำคัญ,,,2018-06-07 21:45:35.752931,2018-06-07 21:45:47.359539,24,16
57,2,2,,ให้ระบุหน่วยของปริมาณที่คำนวณกำกับเสมอ,,,2018-06-07 21:47:12.914523,2018-06-07 21:47:40.115421,30,16
50,2,3,,"",,,2018-06-07 21:34:57.297371,2018-06-07 21:49:25.294291,22,16
58,2,3,,คำนวณหาคำตอบให้คำนึงถึงเลขนัยสำคัญ,,,2018-06-07 21:48:46.38608,2018-06-07 21:48:59.298968,41,16
59,2,4,คำนวณได้อย่างละเอียดรอบคอบ และถูกต้อง,,,,2018-06-07 21:50:13.548013,2018-06-07 21:50:34.706153,42,16
60,2,3,,,,,2018-06-07 21:51:06.014366,2018-06-07 21:51:06.811242,25,16
61,2,4,คำนวณได้อย่างละเอียดรอบคอบ และถูกต้อง,,,,2018-06-07 21:51:31.925515,2018-06-07 21:51:39.683225,40,16
62,2,3,,,,,2018-06-07 21:52:07.997221,2018-06-07 21:52:09.798057,32,16
26,45,,,,,,2018-05-25 04:58:48.686067,2018-07-02 05:59:51.494728,13,9
46,เสร็จ,,,,,,2018-05-25 05:04:11.367734,2018-06-11 09:17:45.882692,16,11
227,8,,,,,,2019-09-06 07:25:02.713714,2019-09-06 07:25:02.713714,336,134
63,2,4,แสดงวิธีทำอย่างเป็นขั้นตอน พร้อมระบุหน่วยเสมอ,คำนวณหาคำตอบให้คำนึงถึงเลขนัยสำคัญ,,,2018-06-07 21:53:07.967283,2018-06-07 21:54:10.239737,37,16
207,8,4,ออกแบบได้สวยงาม,ลายมือยังไม่สวย,พัฒนาลายมือให้สวยขึ้นและเขียนให้เป็นระเบียบ,พยายามอีกนิดนะคะ,2019-09-06 07:22:55.612392,2019-09-06 07:25:07.898276,341,130
67,2,3,,ให้ระบุหน่วยของปริมาณที่คำนวณกำกับเสมอ,,,2018-06-07 22:00:07.243905,2018-06-07 22:00:23.899693,46,16
193,8,3,เนื้อหาดี มีรายละเอียดครบถ้วน,ปรับปรุงลายมือให้ดีขึ้น,พัฒนาลายมือให้สวยขึ้น,พัฒนาต่อไปเรื่อยๆ,2019-09-06 07:22:40.747857,2019-09-06 07:25:11.681078,330,116
70,2,4,แสดงวิธีทำอย่างเป็นขั้นตอน พร้อมระบุหน่วยเสมอ,,,,2018-06-07 22:05:06.290033,2018-06-07 22:05:19.791935,21,16
187,8,4,ออกแบบได้สวยงาม,ลายมือยังไม่สวยขึ้น,ลายมือให้สวยขึ้น และเขียนให้เป็นระเบียบ,พยายาม,2019-09-06 07:22:32.370899,2019-09-06 07:25:18.020854,343,131
72,2,2,,แสดงวิธีการคำนวณให้ละเอียดมากขึ้น,,,2018-06-07 22:11:37.508883,2018-06-07 22:11:50.104682,55,16
228,8,4,ออกแบบได้สวยงาม,ลายมือควรปรับปรุง,ปรับปรุงลายมือให้สวยงามยิ่งขึ้น,เยี่ยมมาก,2019-09-06 07:25:23.233667,2019-09-06 07:25:48.969545,338,156
64,2,4,แสดงวิธีทำอย่างเป็นขั้นตอน พร้อมระบุหน่วยเสมอ,,,,2018-06-07 21:54:36.695138,2018-06-07 21:54:47.5411,26,16
186,8,3,ออกแบบได้สวยงาม,ปรับปรุงลายมือให้สวยงามขึ้น,,             5555555,2019-09-06 07:22:30.062994,2019-09-06 07:25:16.63839,329,176
202,8,4,วาดรูปออกแบบได้สวยงามมีรายละเอียดครบถ้วน,พัฒนาลายมือให้สวยขึ้นและเขียนให้เป็นระเบียบ,,พยายามอีกนะคะ,2019-09-06 07:22:48.000409,2019-09-06 07:25:21.973679,342,122
66,2,1,,ปรับปรุงลายมือ,,,2018-06-07 21:59:18.57416,2018-06-07 21:59:43.788672,44,16
65,2,1,,ปรับปรุงลายมือ,,,2018-06-07 21:58:02.979974,2018-06-07 22:11:03.59426,51,16
68,2,4,แสดงวิธีทำอย่างเป็นขั้นตอน พร้อมระบุหน่วยเสมอ,,,,2018-06-07 22:02:19.944099,2018-06-07 22:02:37.553176,29,16
42,7,2,ถูกหลัก Grammar,การใช้คำไม่สอดคล้องกับบริบท,ลองฝึกแต่งประโยคเพิ่มเติม,,2018-05-25 05:03:59.571313,2018-06-13 07:26:25.683473,16,7
69,2,2,,คำนวณให้ระมัดระวัง และรอบคอบมากขึ้น,,,2018-06-07 22:03:05.840648,2018-06-07 22:04:39.624481,39,16
71,2,3,,ให้ระบุหน่วยของปริมาณที่คำนวณกำกับเสมอ,,,2018-06-07 22:05:47.10007,2018-06-07 22:06:11.553694,36,16
95,,,ใฝ่รู้ใฝ่เรียน,ปรับส่วนผสมให้เหมาะสม,,,2018-06-19 02:31:52.080964,2018-06-19 02:31:55.401184,150,32
73,2,3,,คำนวณหาคำตอบให้คำนึงถึงเลขนัยสำคัญ,,,2018-06-07 22:12:36.360067,2018-06-07 22:12:52.795038,27,16
74,99,,,,,,2018-06-09 07:54:02.010173,2018-06-09 07:54:02.010173,16,22
75,100,,,,,,2018-06-09 07:54:10.62183,2018-06-09 07:54:10.62183,13,22
76,4,4,,,,"Design สวยงาม
มีการใช้เครื่องหมายวรรคตอนผิดบ้าง",2018-06-13 05:26:51.762998,2018-06-13 05:29:43.257287,89,21
96,,,ใฝ่รู้ใฝ่เรียน,ปรับส่วนผสมให้เหมาะสม,,,2018-06-19 02:32:16.51155,2018-06-19 02:32:18.853186,149,32
97,,,ใฝ่รู้ใฝ่เรียน,ปรับส่วนผสมให้เหมาะสม,,,2018-06-19 02:32:31.233052,2018-06-19 02:32:33.698636,151,32
77,4,4,Design,Punctuation,,Design อาจไม่เหมาะสมกับการใช้ในบางหน่วยงาน,2018-06-13 05:31:46.208549,2018-06-13 05:32:35.315605,100,21
78,8,,,,,,2018-06-13 05:36:38.280116,2018-06-13 05:36:38.280116,16,14
79,8,,,,,,2018-06-13 05:36:42.190355,2018-06-13 05:36:42.190355,13,14
80,7,,,,,,2018-06-13 05:36:43.639466,2018-06-13 05:36:43.639466,11,14
81,5,,,,,,2018-06-13 05:36:45.635412,2018-06-13 05:36:45.635412,15,14
82,9,,,,,,2018-06-13 05:36:47.102376,2018-06-13 05:36:47.102376,14,14
83,10,,,,,,2018-06-13 05:36:48.810593,2018-06-13 05:36:48.810593,18,14
84,10,,,,,,2018-06-13 05:36:51.109131,2018-06-13 05:36:51.109131,12,14
86,5,,,,,,2018-06-13 05:36:55.173849,2018-06-13 05:36:55.173849,18,8
87,40,,,,,,2018-06-13 05:36:58.948423,2018-06-13 05:37:01.894178,18,9
88,12,,,,,,2018-06-13 05:37:05.633438,2018-06-13 05:37:05.633438,18,10
89,88,,,,,,2018-06-13 05:37:10.896359,2018-06-13 05:37:10.896359,11,22
90,76,,,,,,2018-06-13 05:37:14.016535,2018-06-13 05:37:14.016535,15,22
91,85,,,,,,2018-06-13 05:37:16.289253,2018-06-13 05:37:16.289253,14,22
92,74,,,,,,2018-06-13 05:37:18.821093,2018-06-13 05:37:18.821093,18,22
93,92,,,,,,2018-06-13 05:37:21.549767,2018-06-13 05:37:21.549767,12,22
94,87,,,,,,2018-06-13 05:38:38.654327,2018-06-13 05:38:38.654327,18,12
98,,,,ดำเนินการให้ทันตามกำหนด,,,2018-06-19 02:32:51.818797,2018-06-19 02:32:51.818797,152,32
99,,,,ดำเนินการให้ทันตามกำหนด,,,2018-06-19 02:33:01.660872,2018-06-19 02:33:01.660872,153,32
100,,,ใฝ่รู้ใฝ่เรียน,ปรับส่วนผสมให้เหมาะสม,,,2018-06-19 02:33:10.701879,2018-06-19 02:33:13.906785,154,32
85,4,1,,การใช้คำไม่สอดคล้องกับบริบท,ศึกษาผ่านเอกสารของครู,พยายามทำให้ดีกว่านี้นะตั้งใจมากๆ,2018-06-13 05:36:54.309256,2018-06-30 16:47:33.723108,18,7
101,,,มีความรับผิดชอบ,"",,,2018-06-19 02:33:22.569743,2018-06-19 02:33:33.848113,155,32
102,,,,ดำเนินการให้ทันตามกำหนด,,,2018-06-19 02:33:50.631204,2018-06-19 02:33:50.631204,157,32
103,,,มีความรับผิดชอบ,,,,2018-06-19 02:34:01.635505,2018-06-19 02:34:01.635505,158,32
112,14,,,,,,2018-07-03 12:07:36.744758,2018-07-03 12:07:36.744758,13,33
104,,,มีความรับผิดชอบ,,,,2018-06-19 02:34:16.935528,2018-06-19 02:34:16.935528,156,32
105,,,มีความรับผิดชอบ,,,,2018-06-19 02:34:25.727106,2018-06-19 02:34:25.727106,159,32
106,,,มีความรับผิดชอบ,,,,2018-06-19 02:34:35.383719,2018-06-19 02:34:35.383719,162,32
107,,,มีความรับผิดชอบ,,,,2018-06-19 02:34:41.37836,2018-06-19 02:34:41.37836,160,32
108,,,มีความรับผิดชอบ,,,,2018-06-19 02:34:48.361877,2018-06-19 02:34:48.361877,161,32
109,,,,ดำเนินการให้ทันตามกำหนด,,,2018-06-19 02:34:59.730844,2018-06-19 02:34:59.730844,163,32
110,,,มีความรับผิดชอบ,,,,2018-06-19 02:35:25.519323,2018-06-19 02:35:27.226143,164,32
111,,,มีความรับผิดชอบ,,,,2018-06-19 02:35:38.58409,2018-06-19 02:35:38.58409,165,32
113,16,,,,,,2018-07-03 12:07:40.396502,2018-07-03 12:07:40.396502,11,33
128,10,,,,,,2018-08-19 08:03:26.84099,2018-08-19 08:03:26.84099,229,64
114,17,,,,,,2018-07-03 12:07:42.908827,2018-07-03 12:07:42.908827,15,33
115,18,,,,,,2018-07-03 12:07:45.938963,2018-07-03 12:07:45.938963,14,33
116,20,,,,,,2018-07-03 12:07:49.506558,2018-07-03 12:07:49.506558,18,33
117,15,,,,,,2018-07-03 12:07:50.917127,2018-07-03 12:07:50.917127,12,33
118,16,,,,,,2018-07-03 12:07:53.775648,2018-07-03 12:07:53.775648,16,33
120,60,,,,,,2018-08-19 07:24:32.977589,2018-08-19 07:25:12.766352,217,40
125,8,,,,,,2018-08-19 08:00:56.28888,2018-08-19 08:00:56.28888,240,83
119,4,3,,,,,2018-08-19 07:24:30.962243,2018-08-19 07:51:37.36466,216,36
122,10,,,,,,2018-08-19 07:59:04.073055,2018-08-19 07:59:04.073055,260,72
127,7,,,,,,2018-08-19 08:02:52.105161,2018-08-19 08:02:52.105161,216,44
121,15,3,สรุปได้ละเอียดดีมาก,เขียนตัวบรรจง,,,2018-08-19 07:50:33.557561,2018-08-19 08:03:10.411201,240,47
130,8,,,,,,2018-08-19 08:03:52.576991,2018-08-19 08:03:52.576991,223,68
133,10,,,,,,2018-08-19 08:04:28.569608,2018-08-19 08:07:01.495867,235,61
28,"",,,,,,2018-05-25 04:59:18.082052,2018-08-19 15:39:44.713896,13,11
126,10,3,มีการแสดงบทบาทสมมติที่มเหุสามผล,,,,2018-08-19 08:02:37.684629,2018-08-19 08:13:45.969612,251,53
129,8,3,เรียบร้อยดี,,,,2018-08-19 08:03:45.138117,2018-08-19 08:13:43.873921,244,63
123,3,,,,,,2018-08-19 07:59:40.12656,2018-08-19 08:17:34.060287,260,82
134,10,4,เรียบร้อยดีมาก,,,,2018-08-19 08:04:39.089716,2018-08-19 08:14:33.712555,230,50
135,10,4,,,,,2018-08-19 08:04:44.981776,2018-08-19 08:05:29.189064,221,39
141,8,7-8,ออกแบบได้ดีมาก,,,,2018-08-19 08:06:34.253441,2018-08-19 08:06:38.526272,238,73
209,18,,,,,,2019-09-06 07:23:00.262394,2019-09-06 07:26:19.345286,328,167
140,4,3,ลายมือสวยมาก,กลับไปแก้ไขให้ถูกต้อง,,,2018-08-19 08:06:33.874102,2018-08-19 08:13:59.939544,241,62
239,10,,,,,,2019-09-06 07:28:46.125685,2019-09-06 07:28:46.125685,332,135
137,5,5,,,,นักเรียนทำงานเรียบร้อยดีมากค่ะ,2018-08-19 08:05:19.761694,2018-08-19 08:15:58.659827,224,43
240,8,,,,,,2019-09-06 07:28:48.585809,2019-09-06 07:28:48.585809,332,141
232,8,3,ดีมาก,สีไม่สม่ำเสมอ,ควรระบายสีให้สม่ำเสมอ,,2019-09-06 07:26:09.390285,2019-09-06 07:46:16.869949,336,154
139,10,4,ดีมาก,แก้ไขลายมือ,"",,2018-08-19 08:06:22.467738,2018-08-19 08:14:38.122597,239,85
247,9,4,แยกประเภทได้ถูกต้อง,ให้ใบงานมีความสะอาด,,,2019-09-06 07:29:50.511418,2019-09-06 07:31:06.656574,352,161
243,19,4,ทำให้ครบทุกข้อ,,,เก่งจังเลย,2019-09-06 07:29:34.14936,2019-09-06 07:34:50.896741,350,189
245,9,4,,,,ทำไดดีแล้ว,2019-09-06 07:29:43.497123,2019-09-06 07:36:51.059673,350,196
230,8,,,,,,2019-09-06 07:25:54.929318,2019-09-06 07:38:07.394871,324,139
136,5,,,,,,2018-08-19 08:04:54.240906,2018-08-19 08:06:30.114734,218,84
233,14,,,,,,2019-09-06 07:26:32.685992,2019-09-06 07:26:32.685992,331,181
145,8,3,สะอาดเรียบร้อย,ไม่แสดงวิธีทำ,ควรเปิดตัวอย่างดู,,2018-08-19 08:07:01.660847,2018-08-19 08:14:00.170301,247,55
142,9,4,เรียบร้อย ดีมาก,แบ่งวรรคไม่ถูก,เขียนลายมือให้สวยกว่านี้,,2018-08-19 08:06:42.975156,2018-08-19 08:15:32.248852,246,58
235,15,4,ส่วนใหญ่ตอบถูกทุกๆ ข้อ,,พยายามอ่านหนังสือให้มากๆ,,2019-09-06 07:26:48.016938,2019-09-06 07:26:58.009452,338,188
218,30,4,มีการบันทึกคำพูดของนักเรียนจากการสังเกตการเจริญของเห็ด  ครบถ้วน,,,มีความมุ่งมั่นตั้งใจดีมาก ,2019-09-06 07:23:33.798285,2019-09-06 07:27:30.515027,327,195
234,8,4,เขียนแผนภาพได้สวยงาม,,,ทำงานได้สวยงาม,2019-09-06 07:26:39.462607,2019-09-06 07:27:34.927934,350,163
237,22,,,,,,2019-09-06 07:27:51.741023,2019-09-06 07:27:51.741023,336,186
241,10,,,,,,2019-09-06 07:28:51.350803,2019-09-06 07:28:51.350803,332,166
242,8,,,,,,2019-09-06 07:29:05.038574,2019-09-06 07:30:05.651052,351,128
244,8,4,มีรายละเอียดครบถ้วน,ลายมือยังไม่สวย,,,2019-09-06 07:29:42.659536,2019-09-06 07:30:28.170903,352,129
250,15,,,,,,2019-09-06 07:32:30.871878,2019-09-06 07:32:30.871878,349,172
249,9,,,,,,2019-09-06 07:31:25.579246,2019-09-06 07:34:10.233247,349,159
231,7,3,ออกแบบได้สร้างสรรค์,ลายมือยังไม่สวย,พัฒนาลายมือให้สวยขึ้น,,2019-09-06 07:25:57.877327,2019-09-06 07:53:13.760102,331,127
144,8,,,,,,2018-08-19 08:06:50.976523,2018-08-19 08:06:50.976523,268,59
147,8,,,,,,2018-08-19 08:07:07.009439,2018-08-19 08:07:07.009439,261,75
148,9,,,,,,2018-08-19 08:07:20.54615,2018-08-19 08:07:20.54615,245,67
149,9,,,,,,2018-08-19 08:07:24.346719,2018-08-19 08:07:24.346719,237,77
154,8,3,,,,,2018-08-19 08:08:04.938327,2018-08-19 08:08:07.650177,234,86
156,4,,,,,,2018-08-19 08:09:05.36242,2018-08-19 08:09:05.36242,233,87
157,4,,,,,,2018-08-19 08:09:13.217492,2018-08-19 08:09:13.217492,266,87
164,8,,,,,,2018-08-19 08:15:52.849679,2018-08-19 08:15:52.849679,229,93
163,21,,,,,,2018-08-19 08:14:08.285847,2018-08-19 08:16:04.673478,216,92
165,34,,,,,,2018-08-19 08:16:56.421827,2018-08-19 08:16:56.421827,229,94
146,8,4,สะอาดเรียบร้ิอย,,,,2018-08-19 08:07:01.884974,2018-08-19 08:13:25.722263,253,70
166,5,,,,,,2018-09-27 04:31:40.818764,2018-09-27 04:31:40.818764,13,34
167,6,,,,,,2018-09-27 04:31:43.050148,2018-09-27 04:31:43.050148,11,34
168,9,,,,,,2018-09-27 04:31:44.73082,2018-09-27 04:31:44.73082,15,34
169,9,,,,,,2018-09-27 04:31:46.261936,2018-09-27 04:31:46.261936,14,34
170,6,,,,,,2018-09-27 04:31:47.690427,2018-09-27 04:31:47.690427,18,34
155,8,3,งานเรียบร้อยดีมาก,ไม่มีการย่อหน้า,ควรระมัดระวังการพิมพ์งาน,,2018-08-19 08:08:22.729597,2018-08-19 08:13:35.171482,249,76
124,4,2,ทำถุกต้องตามตุดประสงค์ที่กำหนด,,ออกแบบในรูปแบบการ์ดวันแม่,,2018-08-19 08:00:05.172883,2018-08-19 08:13:37.654489,228,65
171,7,,,,,,2018-09-27 04:31:48.876259,2018-09-27 04:31:48.876259,12,34
138,8,4,ความชัดเจนในการออกแบบ,,สามารถไปบรูณาการกับวิชาอื่นๆได้,,2018-08-19 08:05:59.780316,2018-08-19 08:13:42.120059,260,81
132,18,4,,,,,2018-08-19 08:04:25.162833,2018-08-19 08:13:43.406634,235,37
151,8,3,งานเรียบร้อยดี,,,,2018-08-19 08:07:41.304592,2018-08-19 08:13:44.963682,250,54
160,12,,,,,,2018-08-19 08:13:57.277862,2018-08-19 08:13:57.277862,216,88
161,14,,,,,,2018-08-19 08:14:00.81358,2018-08-19 08:14:00.81358,216,89
162,11,,,,,,2018-08-19 08:14:04.458996,2018-08-19 08:14:04.458996,216,91
172,8,,,,,,2018-09-27 04:31:49.851235,2018-09-27 04:31:49.851235,16,34
150,8,3,เรียบร้อยดีมาก,,,,2018-08-19 08:07:25.320047,2018-08-19 08:14:12.074284,258,60
173,10,6-8,กำหนดองค์ประกอบของ map ได้อย่างเป็นระบบ,ลายมือไม่สวย,ฝึกการเขียนให้ลายมือสวยงามขึ้น,,2019-09-03 00:07:40.137458,2019-09-03 00:54:40.630468,286,112
158,10,4,งานเรียบร้อยดี,,เขียนลายมือให้สวยๆ,,2018-08-19 08:10:01.884317,2018-08-19 08:14:37.267448,231,46
175,20,,,,,,2019-09-03 00:53:38.595452,2019-09-03 00:54:48.01837,286,113
152,8,3,ทำงานเรียบร้อย,ส่งงานไม่ตรงเวลา,ควรวางแผนการทำงาน,,2018-08-19 08:07:41.856952,2018-08-19 08:14:40.71138,264,80
131,8,3,สามารถใช้สูตรคำนวณหาคำตอบได้,,,ใส่หน่วยไม่ถูกต้อง,2018-08-19 08:04:19.825408,2018-08-19 08:14:46.995531,252,57
188,7,,,,,,2019-09-06 07:22:35.194438,2019-09-06 07:22:35.194438,334,140
176,11,,,,,,2019-09-03 00:53:42.798169,2019-09-03 00:56:47.470354,287,113
180,5,2,ออกแบบได้สวยงาม,องค์ประกอบของแผนภาพยังไม่ครบ,พัฒนาลายมือให้สวยขึ้นและเขียนให้เป็นระเบียบ,ตั้งใจเรียนนะคะ,2019-09-06 07:21:08.387565,2019-09-06 07:39:45.565359,323,115
143,9,4,เรียบร้อยดีมาก,เขียนสะกดคำไม่ถุกต้อง,ฝึกอ่านหนังสือเพื่อให้มีคลังศัพท์มากขึ้น,,2018-08-19 08:06:45.690058,2018-08-19 08:15:14.273717,220,56
159,8,4,เรียบร้อยดีมาก,เว้นวรรคไม่ถูกหลายจุด,เขียนลายมือให้สวยกว่านี้,,2018-08-19 08:12:20.999303,2018-08-19 08:15:15.878782,242,48
153,8,3,เรียบร้อยสะอาด,สะกดคำผิด,เขียนให้สวย,,2018-08-19 08:07:43.019202,2018-08-19 08:15:18.402588,255,66
178,10,,,,,,2019-09-06 07:20:16.155472,2019-09-06 07:20:16.155472,325,138
179,20,,,,,,2019-09-06 07:20:23.30102,2019-09-06 07:20:23.30102,325,160
174,4,4-5,ตกแต่งสวยงาม,เก็บรายละเอียดจากเรื่องที่อ่านไม่ค่อยได้,ใช้ดินสอร่างโครงสร้างของ map ก่อน แล้วค่อยลงรายละเอียด,,2019-09-03 00:30:50.912566,2019-09-03 00:31:10.555472,287,112
182,14,,,,,,2019-09-06 07:21:26.530825,2019-09-06 07:21:26.530825,323,175
199,15,4,ตอบถูกทุกข้อถูก,,ควรอ่านหนังสือให้มากขึ้น,,2019-09-06 07:22:44.526866,2019-09-06 07:46:18.070559,347,178
189,7,,,,,,2019-09-06 07:22:38.774549,2019-09-06 07:22:38.774549,339,151
200,8,,,,,,2019-09-06 07:22:44.939113,2019-09-06 07:22:44.939113,337,152
201,8,,,,,,2019-09-06 07:22:45.03649,2019-09-06 07:22:45.03649,328,144
190,15,,,,,,2019-09-06 07:22:39.035771,2019-09-06 07:22:39.035771,334,177
191,7,,,,,,2019-09-06 07:22:40.153511,2019-09-06 07:22:40.153511,343,149
192,8,,,,,,2019-09-06 07:22:40.429657,2019-09-06 07:22:40.429657,344,153
195,16,,,,,,2019-09-06 07:22:42.685063,2019-09-06 07:22:42.685063,337,187
196,5,,,,,,2019-09-06 07:22:43.402763,2019-09-06 07:22:43.402763,331,147
197,9,,,,,,2019-09-06 07:22:43.513299,2019-09-06 07:22:43.513299,335,145
198,8,,,,,,2019-09-06 07:22:43.663892,2019-09-06 07:22:43.663892,330,157
203,15,,,,,,2019-09-06 07:22:51.541293,2019-09-06 07:22:51.541293,343,174
204,8,,,,,,2019-09-06 07:22:52.513621,2019-09-06 07:22:52.513621,342,142
205,15,,,,,,2019-09-06 07:22:53.29783,2019-09-06 07:22:53.29783,339,179
206,8,,,,,,2019-09-06 07:22:54.97024,2019-09-06 07:22:54.97024,326,150
208,8,,,,,,2019-09-06 07:22:58.103586,2019-09-06 07:22:58.103586,341,148
211,17,,,,,,2019-09-06 07:23:07.810475,2019-09-06 07:23:07.810475,335,185
212,10,3,มีการบันทึกคำพูดเกี่ยวกับเหตุผลที่อยากเรียนรู้  ลงในชิ้นงานให้เข้าใจได้,,,-,2019-09-06 07:23:08.441596,2019-09-06 07:25:20.757789,327,117
229,40,,,,,,2019-09-06 07:25:32.906777,2019-09-06 07:26:16.140763,328,126
236,8,4,สวยงาม น่าสนใจ,ลายมือให้สวยงาม,แผนภาพให้มีความสมบูรณ์ และเขียนลายมือให้สวยงามยิ่งขึ้น,,2019-09-06 07:27:33.822317,2019-09-06 07:27:42.78104,338,194
238,10,4,ทำถูกทุกข้อ,,สอบแก้ตัว,,2019-09-06 07:28:26.437488,2019-09-06 07:28:46.779063,340,193
248,18,,,,,,2019-09-06 07:29:56.187966,2019-09-06 07:29:56.187966,352,192
246,5,,,,,,2019-09-06 07:29:45.316174,2019-09-06 07:30:07.862677,351,165
214,16,,,,,,2019-09-06 07:23:16.382142,2019-09-06 07:23:16.382142,326,182
184,8,,,,,,2019-09-06 07:22:06.534342,2019-09-06 07:23:25.76337,347,143
213,8,4,ชิ้นงานมีความสมบูรณ์,ลายมือยังไม่สวย,พัฒนาลายมือให้สวยขึ้นและเขียนให้เป็นระเบียบ,แค่ตั้งใจก็สำเร็จแล้ว,2019-09-06 07:23:13.108013,2019-09-06 07:24:49.981758,333,125
226,8,3,ออกแบบได้สร้างสรรค์,องค์ประกอบของแผนภาพยังไม่ครบ,ควรใส่องค์ประกอบของแผนภาพให้ครบถ้วน,,2019-09-06 07:24:44.07535,2019-09-06 07:39:46.358268,339,121
251,8,3,ทำงานได้ดีมาก,ลายมือให้สวยงามกว่านี้,ควรเพิ่มสีสันของงาน,,2019-09-06 07:41:08.384598,2019-09-06 07:41:54.573471,324,120
252,15,,,,,,2019-09-06 07:42:18.351574,2019-09-06 07:42:18.351574,324,168
215,5,,,,,,2019-09-06 07:23:16.670764,2019-09-06 07:23:16.670764,333,155
217,17,,,,,,2019-09-06 07:23:28.174077,2019-09-06 07:23:28.174077,330,171
216,8,3,ชิ้นงานมีความสวยงาม  ,ควรเพิ่มความละเอียดให้มากขึ้น,,ตั้งใจทำงานนะคะ  เป็นกำลังใจให้ค่ะ,2019-09-06 07:23:25.477811,2019-09-06 07:26:16.414051,327,183
219,15,,,,,,2019-09-06 07:23:44.60971,2019-09-06 07:23:44.60971,344,180
220,7,,,,,,2019-09-06 07:23:44.737588,2019-09-06 07:23:44.737588,341,169
221,4,,,,,,2019-09-06 07:23:48.637112,2019-09-06 07:23:48.637112,333,173
223,9,4,ออกแบบได้สวยาม,ลายมือยังไม่สวย,พัฒนาลายมือให้สวยงามขึ้น,,2019-09-06 07:23:57.805088,2019-09-06 07:34:04.624167,349,132
222,10,4,ออกแบบได้สวยงาม,,,,2019-09-06 07:23:52.74995,2019-09-06 07:24:01.966158,332,162
194,8,4,ออกแบบได้สวยงาม,ลายมือยังไม่สวย,พัฒนาลายมือให้สวยขึ้นและเขียนให้เป็นระเบียบ,,2019-09-06 07:22:41.383604,2019-09-06 07:24:15.557948,335,136
210,8,3,ออกแบบได้สวยงาม,องค์ประกอบของแผนภาพยังไม่ครบ,ใส่องค์ประกอบของแผนภาพให้ครบ,,2019-09-06 07:23:05.050492,2019-09-06 07:24:15.982065,337,118
185,8,4,ออกแบบได้สวยงาม,ลายมือยังไม่สวย,พัฒนาลายมือให้สวยขึ้น และเขียนให้เป็นระเบียบ,พยายามนะครับ,2019-09-06 07:22:27.416321,2019-09-06 07:24:30.869942,334,123
177,10,4,ออกแบบได้สวยงาม,ลายมือยังไม่สวย,,พยายามนะคะ เป็นกำลังใจให้ค่ะ,2019-09-06 07:20:13.201154,2019-09-06 07:24:35.298106,325,119
225,8,8,ชิ้นงานสะอาดเรียบร้อย,,,,2019-09-06 07:24:34.669416,2019-09-06 07:25:04.818107,326,124
224,3,3,สำรวจได้ชนิดของพืชที่หลากหลายกว่าเกณฑ์ที่กำหนด,เขียนสะกดคำชื่อพืชไม่ถูกถูก,ฝึกเขียนสะกดคำซ้ำๆ,สู้ ๆ นะค่ะ ฝึกเขียนฝึกอ่านบ่อยๆ,2019-09-06 07:24:32.549728,2019-09-06 07:25:24.58608,340,184
181,8,4,วาดรูปได้สวยงาม,เนื้อหาไม่สมบูรณ์,ควรเพิ่มเนื้อหาไห้มีความสมบูรณ์มากกว่านี้,ตั้งใจทำงานนะคะ,2019-09-06 07:21:11.313105,2019-09-06 07:24:33.746497,323,146
183,8,3,มีรายละเอียดครบถ้วน,ลายมือยังไม่สวย,พัฒนาลายมือให้สวยขึ้นและเขียนให้เป็นระเบียบ,พยายามนะคะ,2019-09-06 07:22:04.835408,2019-09-06 07:25:29.969932,347,133
